{"cameraMode":{"drawMode":0,"name":"Shaded","section":"Shading Mode"},"sceneLighting":true,"audioPlay":false,"sceneViewState":{"m_AlwaysRefresh":false,"showFog":true,"showSkybox":true,"showFlares":true,"showImageEffects":true,"showParticleSystems":true,"showVisualEffectGraphs":true,"m_FxEnabled":true},"in2DMode":false,"pivot":{"x":8.359370231628418,"y":81.93341827392578,"z":-382.1473083496094},"rotation":{"x":0.10480190068483353,"y":-0.010147681459784508,"z":0.001070713042281568,"w":0.9944473505020142},"size":8.585219383239746,"orthographic":true}