{"cameraMode":{"drawMode":0,"name":"Shaded","section":"Shading Mode"},"sceneLighting":false,"audioPlay":false,"sceneViewState":{"m_AlwaysRefresh":false,"showFog":true,"showSkybox":false,"showFlares":true,"showImageEffects":true,"showParticleSystems":true,"showVisualEffectGraphs":true,"m_FxEnabled":true},"in2DMode":false,"pivot":{"x":-1.8260550498962403,"y":3.732455253601074,"z":-0.24439004063606263},"rotation":{"x":0.007408741861581802,"y":0.9925697445869446,"z":-0.082072913646698,"w":0.08957286924123764},"size":2.4911813735961916,"orthographic":true}